<?xml version="1.0" encoding="utf-8"?>
<odoo>
  <templates id="template" xml:space="preserve">
    <t t-inherit="point_of_sale.PaymentScreenButtons" t-inherit-mode="extension">
      <xpath expr="//div[contains(@class, 'payment-buttons')]" position="inside">
        <t t-if="props.paymentMethods.some(pm => pm.mp_enabled)">
          <button class="btn btn-primary" t-on-click="() => this._onClickMercadoPago()">
            <i class="fa fa-qrcode me-1"/> Mercado Pago
          </button>
        </t>
      </xpath>
    </t>
  </templates>
</odoo>
